{
  "v2_lora_reference": {
    "fpr": 0.06666666666666667,
    "fpr_count": "2/30",
    "detection": 0.9930555555555556,
    "detection_count": "143/144",
    "source": "logs/eval_v2.json:lora_v2"
  },
  "threshold": 0.5,
  "comment": "All comparisons use Fisher's exact two-sided test on the 2x2 contingency between provider and v2 LoRA. The frontier providers use n_benign=31 (full bench file); v2 LoRA uses n_benign=30 (one row dropped on inference per logs/eval_v2.json \u2014 see docs/limitations.md). At this sample size only large FPR gaps (>~20 pp) reach alpha=0.05; smaller directional improvements call for B.11 benign-corpus expansion.",
  "rows": [
    {
      "provider": "hf-deepseek-r1",
      "n_benign": 31,
      "n_scam": 144,
      "fpr": 0.12903225806451613,
      "fpr_count": "4/31",
      "fpr_wilson_95ci": [
        0.05134201164644764,
        0.28852756954385356
      ],
      "detection": 1.0,
      "detection_count": "144/144",
      "detection_wilson_95ci": [
        0.9740154327334118,
        0.9999999999999998
      ],
      "vs_v2_lora": {
        "fpr_delta_pp": 6.236559139784946,
        "fpr_fisher_exact_two_sided_p": 0.6713268305523625,
        "fpr_significant_at_0.05": false,
        "detection_delta_pp": 0.694444444444442,
        "detection_fisher_exact_two_sided_p": 0.9999999999998276,
        "detection_significant_at_0.05": false
      }
    },
    {
      "provider": "hf-deepseek-v3-0324",
      "n_benign": 31,
      "n_scam": 144,
      "fpr": 0.2903225806451613,
      "fpr_count": "9/31",
      "fpr_wilson_95ci": [
        0.16095620718432874,
        0.4659265995754067
      ],
      "detection": 1.0,
      "detection_count": "144/144",
      "detection_wilson_95ci": [
        0.9740154327334118,
        0.9999999999999998
      ],
      "vs_v2_lora": {
        "fpr_delta_pp": 22.365591397849467,
        "fpr_fisher_exact_two_sided_p": 0.042630869823987595,
        "fpr_significant_at_0.05": true,
        "detection_delta_pp": 0.694444444444442,
        "detection_fisher_exact_two_sided_p": 0.9999999999998276,
        "detection_significant_at_0.05": false
      }
    },
    {
      "provider": "hf-gemma-3-27b-it",
      "n_benign": 31,
      "n_scam": 144,
      "fpr": 0.5161290322580645,
      "fpr_count": "16/31",
      "fpr_wilson_95ci": [
        0.3484011828697317,
        0.6803001396872116
      ],
      "detection": 1.0,
      "detection_count": "144/144",
      "detection_wilson_95ci": [
        0.9740154327334118,
        0.9999999999999998
      ],
      "vs_v2_lora": {
        "fpr_delta_pp": 44.946236559139784,
        "fpr_fisher_exact_two_sided_p": 0.00016027213309477493,
        "fpr_significant_at_0.05": true,
        "detection_delta_pp": 0.694444444444442,
        "detection_fisher_exact_two_sided_p": 0.9999999999998276,
        "detection_significant_at_0.05": false
      }
    },
    {
      "provider": "hf-gpt-oss-120b",
      "n_benign": 31,
      "n_scam": 144,
      "fpr": 0.16129032258064516,
      "fpr_count": "5/31",
      "fpr_wilson_95ci": [
        0.07092519905439935,
        0.32634702724978865
      ],
      "detection": 0.9861111111111112,
      "detection_count": "142/144",
      "detection_wilson_95ci": [
        0.9507765031823722,
        0.9961829453084451
      ],
      "vs_v2_lora": {
        "fpr_delta_pp": 9.46236559139785,
        "fpr_fisher_exact_two_sided_p": 0.4248219534666009,
        "fpr_significant_at_0.05": false,
        "detection_delta_pp": -0.694444444444442,
        "detection_fisher_exact_two_sided_p": 0.9999999999997788,
        "detection_significant_at_0.05": false
      }
    },
    {
      "provider": "hf-llama-3.3-70b-instruct",
      "n_benign": 31,
      "n_scam": 144,
      "fpr": 0.03225806451612903,
      "fpr_count": "1/31",
      "fpr_wilson_95ci": [
        0.00571707408694444,
        0.16194457176169624
      ],
      "detection": 0.9930555555555556,
      "detection_count": "143/144",
      "detection_wilson_95ci": [
        0.9617143276425165,
        0.998773112969598
      ],
      "vs_v2_lora": {
        "fpr_delta_pp": -3.4408602150537635,
        "fpr_fisher_exact_two_sided_p": 0.6123923312031003,
        "fpr_significant_at_0.05": false,
        "detection_delta_pp": 0.0,
        "detection_fisher_exact_two_sided_p": 1.0,
        "detection_significant_at_0.05": false
      }
    },
    {
      "provider": "hf-qwen2.5-72b-instruct",
      "n_benign": 31,
      "n_scam": 144,
      "fpr": 0.06451612903225806,
      "fpr_count": "2/31",
      "fpr_wilson_95ci": [
        0.017874407775063144,
        0.20718988318746434
      ],
      "detection": 0.9861111111111112,
      "detection_count": "142/144",
      "detection_wilson_95ci": [
        0.9507765031823722,
        0.9961829453084451
      ],
      "vs_v2_lora": {
        "fpr_delta_pp": -0.2150537634408603,
        "fpr_fisher_exact_two_sided_p": 1.0,
        "fpr_significant_at_0.05": false,
        "detection_delta_pp": -0.694444444444442,
        "detection_fisher_exact_two_sided_p": 0.9999999999997788,
        "detection_significant_at_0.05": false
      }
    },
    {
      "provider": "hf-qwen2.5-7b-instruct",
      "n_benign": 31,
      "n_scam": 144,
      "fpr": 0.16129032258064516,
      "fpr_count": "5/31",
      "fpr_wilson_95ci": [
        0.07092519905439935,
        0.32634702724978865
      ],
      "detection": 1.0,
      "detection_count": "144/144",
      "detection_wilson_95ci": [
        0.9740154327334118,
        0.9999999999999998
      ],
      "vs_v2_lora": {
        "fpr_delta_pp": 9.46236559139785,
        "fpr_fisher_exact_two_sided_p": 0.4248219534666009,
        "fpr_significant_at_0.05": false,
        "detection_delta_pp": 0.694444444444442,
        "detection_fisher_exact_two_sided_p": 0.9999999999998276,
        "detection_significant_at_0.05": false
      }
    }
  ]
}