{
  "definition": "leakage-clean = bench scenarios with max cosine similarity to nearest training text < 0.7; per logs/semantic_leakage_audit.json. n=50 scenarios (38 scams + 12 benign). The full bench is n=175 (174 in audit).",
  "v2_lora_note": "The v2 LoRA row is intentionally absent because per-row v2 logits are not yet logged (eval_v2.json is aggregate-only). Producing it is B.12 in WIN_PLAN \u2014 needs GPU re-inference. The honest claim this script supports is: 'we know the leakage-clean detection for every model we have per-row scores for; the v2 LoRA per-row slice is the next thing to ship.' See docs/limitations.md.",
  "threshold": 0.5,
  "cosine_gate": 0.7,
  "rows": [
    {
      "provider": "scripted",
      "full_bench": {
        "n_scam": 144,
        "n_benign": 31,
        "detection": 0.8402777777777778,
        "detection_count": "121/144",
        "detection_wilson_95ci": [
          0.7717231945072308,
          0.8911484194363413
        ],
        "fpr": 0.0967741935483871,
        "fpr_count": "3/31",
        "fpr_wilson_95ci": [
          0.033464036094643976,
          0.2490028999817704
        ],
        "f1": 0.9029850746268657
      },
      "leakage_clean": {
        "n_scam": 38,
        "n_benign": 12,
        "detection": 0.8157894736842105,
        "detection_count": "31/38",
        "detection_wilson_95ci": [
          0.6658083165848865,
          0.9077835154674251
        ],
        "fpr": 0.08333333333333333,
        "fpr_count": "1/12",
        "fpr_wilson_95ci": [
          0.014864709450773488,
          0.35388592179859524
        ],
        "f1": 0.8857142857142857
      },
      "leakage_clean_delta": {
        "detection_pp": -2.448830409356728,
        "fpr_pp": -1.3440860215053765,
        "f1": -0.01727078891258005
      }
    },
    {
      "provider": "hf-deepseek-r1",
      "full_bench": {
        "n_scam": 144,
        "n_benign": 31,
        "detection": 1.0,
        "detection_count": "144/144",
        "detection_wilson_95ci": [
          0.9740154327334118,
          0.9999999999999998
        ],
        "fpr": 0.12903225806451613,
        "fpr_count": "4/31",
        "fpr_wilson_95ci": [
          0.05134201164644764,
          0.28852756954385356
        ],
        "f1": 0.9863013698630138
      },
      "leakage_clean": {
        "n_scam": 38,
        "n_benign": 12,
        "detection": 1.0,
        "detection_count": "38/38",
        "detection_wilson_95ci": [
          0.90818706741616,
          1.0
        ],
        "fpr": 0.16666666666666666,
        "fpr_count": "2/12",
        "fpr_wilson_95ci": [
          0.046964147614822246,
          0.44803635738467273
        ],
        "f1": 0.9743589743589743
      },
      "leakage_clean_delta": {
        "detection_pp": 0.0,
        "fpr_pp": 3.763440860215053,
        "f1": -0.011942395504039416
      }
    },
    {
      "provider": "hf-deepseek-v3-0324",
      "full_bench": {
        "n_scam": 144,
        "n_benign": 31,
        "detection": 1.0,
        "detection_count": "144/144",
        "detection_wilson_95ci": [
          0.9740154327334118,
          0.9999999999999998
        ],
        "fpr": 0.2903225806451613,
        "fpr_count": "9/31",
        "fpr_wilson_95ci": [
          0.16095620718432874,
          0.4659265995754067
        ],
        "f1": 0.9696969696969697
      },
      "leakage_clean": {
        "n_scam": 38,
        "n_benign": 12,
        "detection": 1.0,
        "detection_count": "38/38",
        "detection_wilson_95ci": [
          0.90818706741616,
          1.0
        ],
        "fpr": 0.3333333333333333,
        "fpr_count": "4/12",
        "fpr_wilson_95ci": [
          0.13811783989736134,
          0.609382412602386
        ],
        "f1": 0.9500000000000001
      },
      "leakage_clean_delta": {
        "detection_pp": 0.0,
        "fpr_pp": 4.3010752688172005,
        "f1": -0.019696969696969657
      }
    },
    {
      "provider": "hf-gemma-3-27b-it",
      "full_bench": {
        "n_scam": 144,
        "n_benign": 31,
        "detection": 1.0,
        "detection_count": "144/144",
        "detection_wilson_95ci": [
          0.9740154327334118,
          0.9999999999999998
        ],
        "fpr": 0.5161290322580645,
        "fpr_count": "16/31",
        "fpr_wilson_95ci": [
          0.3484011828697317,
          0.6803001396872116
        ],
        "f1": 0.9473684210526316
      },
      "leakage_clean": {
        "n_scam": 38,
        "n_benign": 12,
        "detection": 1.0,
        "detection_count": "38/38",
        "detection_wilson_95ci": [
          0.90818706741616,
          1.0
        ],
        "fpr": 0.3333333333333333,
        "fpr_count": "4/12",
        "fpr_wilson_95ci": [
          0.13811783989736134,
          0.609382412602386
        ],
        "f1": 0.9500000000000001
      },
      "leakage_clean_delta": {
        "detection_pp": 0.0,
        "fpr_pp": -18.27956989247312,
        "f1": 0.0026315789473684292
      }
    },
    {
      "provider": "hf-gpt-oss-120b",
      "full_bench": {
        "n_scam": 144,
        "n_benign": 31,
        "detection": 0.9861111111111112,
        "detection_count": "142/144",
        "detection_wilson_95ci": [
          0.9507765031823722,
          0.9961829453084451
        ],
        "fpr": 0.16129032258064516,
        "fpr_count": "5/31",
        "fpr_wilson_95ci": [
          0.07092519905439935,
          0.32634702724978865
        ],
        "f1": 0.9759450171821307
      },
      "leakage_clean": {
        "n_scam": 38,
        "n_benign": 12,
        "detection": 0.9736842105263158,
        "detection_count": "37/38",
        "detection_wilson_95ci": [
          0.8650482156319973,
          0.9953395324464698
        ],
        "fpr": 0.16666666666666666,
        "fpr_count": "2/12",
        "fpr_wilson_95ci": [
          0.046964147614822246,
          0.44803635738467273
        ],
        "f1": 0.9610389610389611
      },
      "leakage_clean_delta": {
        "detection_pp": -1.2426900584795342,
        "fpr_pp": 0.5376344086021501,
        "f1": -0.014906056143169533
      }
    },
    {
      "provider": "hf-llama-3.3-70b-instruct",
      "full_bench": {
        "n_scam": 144,
        "n_benign": 31,
        "detection": 0.9930555555555556,
        "detection_count": "143/144",
        "detection_wilson_95ci": [
          0.9617143276425165,
          0.998773112969598
        ],
        "fpr": 0.03225806451612903,
        "fpr_count": "1/31",
        "fpr_wilson_95ci": [
          0.00571707408694444,
          0.16194457176169624
        ],
        "f1": 0.9930555555555556
      },
      "leakage_clean": {
        "n_scam": 38,
        "n_benign": 12,
        "detection": 0.9736842105263158,
        "detection_count": "37/38",
        "detection_wilson_95ci": [
          0.8650482156319973,
          0.9953395324464698
        ],
        "fpr": 0.08333333333333333,
        "fpr_count": "1/12",
        "fpr_wilson_95ci": [
          0.014864709450773488,
          0.35388592179859524
        ],
        "f1": 0.9736842105263158
      },
      "leakage_clean_delta": {
        "detection_pp": -1.9371345029239762,
        "fpr_pp": 5.10752688172043,
        "f1": -0.01937134502923976
      }
    },
    {
      "provider": "hf-qwen2.5-72b-instruct",
      "full_bench": {
        "n_scam": 144,
        "n_benign": 31,
        "detection": 0.9861111111111112,
        "detection_count": "142/144",
        "detection_wilson_95ci": [
          0.9507765031823722,
          0.9961829453084451
        ],
        "fpr": 0.06451612903225806,
        "fpr_count": "2/31",
        "fpr_wilson_95ci": [
          0.017874407775063144,
          0.20718988318746434
        ],
        "f1": 0.9861111111111112
      },
      "leakage_clean": {
        "n_scam": 38,
        "n_benign": 12,
        "detection": 0.9736842105263158,
        "detection_count": "37/38",