{
  "definition": "leakage-clean = bench scenarios with max cosine similarity to nearest training text < 0.7; per logs/semantic_leakage_audit.json. n=50 scenarios (38 scams + 12 benign). The full bench is n=175 (174 in audit).",
  "v2_lora_note": "The v2 LoRA row is intentionally absent because per-row v2 logits are not yet logged (eval_v2.json is aggregate-only). Producing it is B.12 in WIN_PLAN \u2014 needs GPU re-inference. The honest claim this script supports is: 'we know the leakage-clean detection for every model we have per-row scores for; the v2 LoRA per-row slice is the next thing to ship.' See docs/limitations.md.",
  "threshold": 0.5,
  "cosine_gate": 0.7,
  "rows": [
    {
      "provider": "scripted",
      "full_bench": {
        "n_scam": 144,
        "n_benign": 31,
        "detection": 0.8402777777777778,
        "detection_count": "121/144",
        "detection_wilson_95ci": [
          0.7717231945072308,
          0.8911484194363413
        ],
        "fpr": 0.0967741935483871,
        "fpr_count": "3/31",
        "fpr_wilson_95ci": [
          0.033464036094643976,
          0.2490028999817704
        ],
        "f1": 0.9029850746268657
      },
      "leakage_clean": {
        "n_scam": 38,
        "n_benign": 12,
        "detection": 0.8157894736842105,
        "detection_count": "31/38",
        "detection_wilson_95ci": [
          0.6658083165848865,
          0.9077835154674251
        ],
        "fpr": 0.08333333333333333,
        "fpr_count": "1/12",
        "fpr_wilson_95ci": [
          0.014864709450773488,
          0.35388592179859524
        ],
        "f1": 0.8857142857142857
      },
      "leakage_clean_delta": {
        "detection_pp": -2.448830409356728,
        "fpr_pp": -1.3440860215053765,
        "f1": -0.01727078891258005
      }
    },
    {
      "provider": "hf-deepseek-r1",
      "full_bench": {
        "n_scam": 143,
        "n_benign": 31,
        "detection": 0.006993006993006993,
        "detection_count": "1/143",
        "detection_wilson_95ci": [
          0.0012354740923871533,
          0.03854616816702708
        ],
        "fpr": 0.0,
        "fpr_count": "0/31",
        "fpr_wilson_95ci": [
          0.0,
          0.11025900073475385
        ],
        "f1": 0.013888888888888888
      },
      "leakage_clean": {
        "n_scam": 37,
        "n_benign": 12,
        "detection": 0.0,
        "detection_count": "0/37",
        "detection_wilson_95ci": [
          0.0,
          0.09406095745514377
        ],
        "fpr": 0.0,
        "fpr_count": "0/12",
        "fpr_wilson_95ci": [
          0.0,
          0.2425007574992425
        ],
        "f1": 0.0
      },
      "leakage_clean_delta": {
        "detection_pp": -0.6993006993006993,
        "fpr_pp": 0.0,
        "f1": -0.013888888888888888
      }
    },
    {
      "provider": "hf-deepseek-v3-0324",
      "full_bench": {
        "n_scam": 143,
        "n_benign": 31,
        "detection": 1.0,
        "detection_count": "143/143",
        "detection_wilson_95ci": [
          0.9738384762900977,
          1.0
        ],
        "fpr": 0.2903225806451613,
        "fpr_count": "9/31",
        "fpr_wilson_95ci": [
          0.16095620718432874,
          0.4659265995754067
        ],
        "f1": 0.9694915254237287
      },
      "leakage_clean": {
        "n_scam": 37,
        "n_benign": 12,
        "detection": 1.0,
        "detection_count": "37/37",
        "detection_wilson_95ci": [
          0.9059390425448562,
          1.0
        ],
        "fpr": 0.3333333333333333,
        "fpr_count": "4/12",
        "fpr_wilson_95ci": [
          0.13811783989736134,
          0.609382412602386
        ],
        "f1": 0.9487179487179488
      },
      "leakage_clean_delta": {
        "detection_pp": 0.0,
        "fpr_pp": 4.3010752688172005,
        "f1": -0.02077357670577995
      }
    },
    {
      "provider": "hf-gemma-3-27b-it",
      "full_bench": {
        "n_scam": 143,
        "n_benign": 31,
        "detection": 1.0,
        "detection_count": "143/143",
        "detection_wilson_95ci": [
          0.9738384762900977,
          1.0
        ],
        "fpr": 0.5161290322580645,
        "fpr_count": "16/31",
        "fpr_wilson_95ci": [
          0.3484011828697317,
          0.6803001396872116
        ],
        "f1": 0.9470198675496689
      },
      "leakage_clean": {
        "n_scam": 37,
        "n_benign": 12,
        "detection": 1.0,
        "detection_count": "37/37",
        "detection_wilson_95ci": [
          0.9059390425448562,
          1.0
        ],
        "fpr": 0.3333333333333333,
        "fpr_count": "4/12",
        "fpr_wilson_95ci": [
          0.13811783989736134,
          0.609382412602386
        ],
        "f1": 0.9487179487179488
      },
      "leakage_clean_delta": {
        "detection_pp": 0.0,
        "fpr_pp": -18.27956989247312,
        "f1": 0.0016980811682798524
      }
    },
    {
      "provider": "hf-gpt-oss-120b",
      "full_bench": {
        "n_scam": 143,
        "n_benign": 31,
        "detection": 0.986013986013986,
        "detection_count": "141/143",
        "detection_wilson_95ci": [
          0.9504420452891259,
          0.9961561939019481
        ],
        "fpr": 0.16129032258064516,
        "fpr_count": "5/31",
        "fpr_wilson_95ci": [
          0.07092519905439935,
          0.32634702724978865
        ],
        "f1": 0.9757785467128028
      },
      "leakage_clean": {
        "n_scam": 37,
        "n_benign": 12,
        "detection": 0.972972972972973,
        "detection_count": "36/37",
        "detection_wilson_95ci": [
          0.8617562156243666,
          0.9952131489450925
        ],
        "fpr": 0.16666666666666666,
        "fpr_count": "2/12",
        "fpr_wilson_95ci": [
          0.046964147614822246,
          0.44803635738467273
        ],
        "f1": 0.9599999999999999
      },
      "leakage_clean_delta": {
        "detection_pp": -1.3041013041013017,
        "fpr_pp": 0.5376344086021501,
        "f1": -0.015778546712802988
      }
    },
    {
      "provider": "hf-llama-3.3-70b-instruct",
      "full_bench": {
        "n_scam": 143,
        "n_benign": 31,
        "detection": 0.993006993006993,
        "detection_count": "142/143",
        "detection_wilson_95ci": [
          0.9614538318329731,
          0.998764525907613
        ],
        "fpr": 0.03225806451612903,
        "fpr_count": "1/31",
        "fpr_wilson_95ci": [
          0.00571707408694444,
          0.16194457176169624
        ],
        "f1": 0.993006993006993
      },
      "leakage_clean": {
        "n_scam": 37,
        "n_benign": 12,
        "detection": 0.972972972972973,
        "detection_count": "36/37",
        "detection_wilson_95ci": [
          0.8617562156243666,
          0.9952131489450925
        ],
        "fpr": 0.08333333333333333,
        "fpr_count": "1/12",
        "fpr_wilson_95ci": [
          0.014864709450773488,
          0.35388592179859524
        ],
        "f1": 0.972972972972973
      },
      "leakage_clean_delta": {
        "detection_pp": -2.0034020034019995,
        "fpr_pp": 5.10752688172043,
        "f1": -0.020034020034019995
      }
    },
    {
      "provider": "hf-qwen2.5-72b-instruct",
      "full_bench": {
        "n_scam": 143,
        "n_benign": 31,
        "detection": 0.986013986013986,
        "detection_count": "141/143",
        "detection_wilson_95ci": [
          0.9504420452891259,
          0.9961561939019481
        ],
        "fpr": 0.06451612903225806,
        "fpr_count": "2/31",
        "fpr_wilson_95ci": [
          0.017874407775063144,
          0.20718988318746434
        ],
        "f1": 0.986013986013986
      },
      "leakage_clean": {
        "n_scam": 37,
        "n_benign": 12,
        "detection": 0.972972972972973,
        "detection_count": "36/37",
        "detection_wilson_95ci": [
          0.8617562156243666,
          0.9952131489450925
        ],
        "fpr": 0.08333333333333333,